times,gctimes,bytes,allocs
5.4446e-6,0.0,1312.0,25.0
4.4179000000000005e-6,0.0,1312.0,25.0
1.7718000000000001e-6,0.0,1312.0,25.0
1.7097000000000003e-6,0.0,1312.0,25.0
2.2758000000000003e-6,0.0,1312.0,25.0
1.6343000000000002e-6,0.0,1312.0,25.0
1.6829e-6,0.0,1312.0,25.0
1.5214e-6,0.0,1312.0,25.0
2.0835000000000005e-6,0.0,1312.0,25.0
1.5756e-6,0.0,1312.0,25.0
