times,gctimes,bytes,allocs
4.2376e-6,0.0,1312.0,25.0
2.5976e-6,0.0,1312.0,25.0
1.5299e-6,0.0,1312.0,25.0
1.3864000000000002e-6,0.0,1312.0,25.0
1.4196000000000001e-6,0.0,1312.0,25.0
1.4582e-6,0.0,1312.0,25.0
1.5313999999999999e-6,0.0,1312.0,25.0
1.5507000000000002e-6,0.0,1312.0,25.0
1.4848000000000002e-6,0.0,1312.0,25.0
1.5728000000000002e-6,0.0,1312.0,25.0
