times,gctimes,bytes,allocs
1.8292e-6,0.0,1312.0,25.0
7.542000000000001e-7,0.0,1312.0,25.0
8.209e-7,0.0,1312.0,25.0
7.542000000000001e-7,0.0,1312.0,25.0
7.167000000000001e-7,0.0,1312.0,25.0
7.333e-7,0.0,1312.0,25.0
7.416e-7,0.0,1312.0,25.0
7.458e-7,0.0,1312.0,25.0
7.167000000000001e-7,0.0,1312.0,25.0
7.666000000000001e-7,0.0,1312.0,25.0
