times,gctimes,bytes,allocs
2.91e-6,0.0,752.0,30.0
5.3e-7,0.0,752.0,30.0
5.5e-7,0.0,752.0,30.0
5.5e-7,0.0,752.0,30.0
6.4e-7,0.0,752.0,30.0
5.900000000000001e-7,0.0,752.0,30.0
6.900000000000001e-7,0.0,752.0,30.0
5.5e-7,0.0,752.0,30.0
5.800000000000001e-7,0.0,752.0,30.0
5.5e-7,0.0,752.0,30.0
