times,gctimes,bytes,allocs
2.3600000000000003e-6,0.0,720.0,28.0
5.3e-7,0.0,720.0,28.0
5.6e-7,0.0,720.0,28.0
5.5e-7,0.0,720.0,28.0
5.6e-7,0.0,720.0,28.0
6.4e-7,0.0,720.0,28.0
5.2e-7,0.0,720.0,28.0
5.6e-7,0.0,720.0,28.0
5.1e-7,0.0,720.0,28.0
4.900000000000001e-7,0.0,720.0,28.0
