times,gctimes,bytes,allocs
1.932e-5,0.0,40592.0,575.0
1.6130000000000003e-5,0.0,40592.0,575.0
1.5700000000000002e-5,0.0,40592.0,575.0
1.5110000000000001e-5,0.0,40592.0,575.0
1.616e-5,0.0,40592.0,575.0
1.465e-5,0.0,40592.0,575.0
1.464e-5,0.0,40592.0,575.0
1.471e-5,0.0,40592.0,575.0
1.472e-5,0.0,40592.0,575.0
1.541e-5,0.0,40592.0,575.0
