times,gctimes,bytes,allocs
4.3900600000000005e-5,0.0,40592.0,575.0
4.14525e-5,0.0,40592.0,575.0
3.57005e-5,0.0,40592.0,575.0
4.09351e-5,0.0,40592.0,575.0
3.83972e-5,0.0,40592.0,575.0
4.0285600000000006e-5,0.0,40592.0,575.0
3.6832600000000004e-5,0.0,40592.0,575.0
3.7080400000000005e-5,0.0,40592.0,575.0
3.60036e-5,0.0,40592.0,575.0
3.94267e-5,0.0,40592.0,575.0
