times,gctimes,bytes,allocs
3.1400000000000004e-6,0.0,1312.0,25.0
1.13e-6,0.0,1312.0,25.0
7.5e-7,0.0,1312.0,25.0
7.100000000000001e-7,0.0,1312.0,25.0
7.6e-7,0.0,1312.0,25.0
7.000000000000001e-7,0.0,1312.0,25.0
6.7e-7,0.0,1312.0,25.0
6.6e-7,0.0,1312.0,25.0
6.900000000000001e-7,0.0,1312.0,25.0
6.6e-7,0.0,1312.0,25.0
