times,gctimes,bytes,allocs
3.08e-8,0.0,0.0,0.0
1.7400000000000004e-8,0.0,0.0,0.0
5.5000000000000004e-9,0.0,0.0,0.0
5.3e-9,0.0,0.0,0.0
3.8e-9,0.0,0.0,0.0
3.8e-9,0.0,0.0,0.0
3.8e-9,0.0,0.0,0.0
3.8e-9,0.0,0.0,0.0
3.9e-9,0.0,0.0,0.0
3.7e-9,0.0,0.0,0.0
