times,gctimes,bytes,allocs
2.5708e-6,0.0,752.0,30.0
6.042000000000001e-7,0.0,752.0,30.0
5.708e-7,0.0,752.0,30.0
5.375e-7,0.0,752.0,30.0
5.208e-7,0.0,752.0,30.0
5.166000000000001e-7,0.0,752.0,30.0
5.5e-7,0.0,752.0,30.0
5.250000000000001e-7,0.0,752.0,30.0
5.042e-7,0.0,752.0,30.0
5.125e-7,0.0,752.0,30.0
