times,gctimes,bytes,allocs
2.2458e-6,0.0,1312.0,25.0
7.417e-7,0.0,1312.0,25.0
7.458e-7,0.0,1312.0,25.0
7.167000000000001e-7,0.0,1312.0,25.0
7.666000000000001e-7,0.0,1312.0,25.0
7.083000000000001e-7,0.0,1312.0,25.0
7.125000000000001e-7,0.0,1312.0,25.0
6.875e-7,0.0,1312.0,25.0
8.042000000000001e-7,0.0,1312.0,25.0
7.084000000000001e-7,0.0,1312.0,25.0
