times,gctimes,bytes,allocs
3.4700000000000002e-6,0.0,720.0,29.0
8.200000000000001e-7,0.0,720.0,29.0
8.100000000000001e-7,0.0,720.0,29.0
8.699999999999999e-7,0.0,720.0,29.0
7.900000000000001e-7,0.0,720.0,29.0
8.6e-7,0.0,720.0,29.0
8.400000000000001e-7,0.0,720.0,29.0
8.400000000000001e-7,0.0,720.0,29.0
2.11e-6,0.0,720.0,29.0
8.3e-7,0.0,720.0,29.0
