times,gctimes,bytes,allocs
4.8625000000000005e-6,0.0,752.0,30.0
6.5e-7,0.0,752.0,30.0
5.5e-7,0.0,752.0,30.0
6.084000000000001e-7,0.0,752.0,30.0
6.333e-7,0.0,752.0,30.0
5.416e-7,0.0,752.0,30.0
5.459e-7,0.0,752.0,30.0
5.417e-7,0.0,752.0,30.0
5.209000000000001e-7,0.0,752.0,30.0
5.875000000000001e-7,0.0,752.0,30.0
