times,gctimes,bytes,allocs
4.03129e-5,0.0,40592.0,575.0
3.85185e-5,0.0,40592.0,575.0
3.30556e-5,0.0,40592.0,575.0
3.33164e-5,0.0,40592.0,575.0
3.47741e-5,0.0,40592.0,575.0
4.0152300000000005e-5,0.0,40592.0,575.0
4.40248e-5,0.0,40592.0,575.0
4.4756500000000004e-5,0.0,40592.0,575.0
3.7596900000000006e-5,0.0,40592.0,575.0
3.80892e-5,0.0,40592.0,575.0
