times,gctimes,bytes,allocs
4.7057e-6,0.0,1312.0,25.0
2.5010000000000003e-6,0.0,1312.0,25.0
1.5150000000000001e-6,0.0,1312.0,25.0
1.5143e-6,0.0,1312.0,25.0
1.3299000000000002e-6,0.0,1312.0,25.0
1.4425000000000002e-6,0.0,1312.0,25.0
1.4507e-6,0.0,1312.0,25.0
1.5653999999999999e-6,0.0,1312.0,25.0
1.4537000000000002e-6,0.0,1312.0,25.0
1.4418000000000001e-6,0.0,1312.0,25.0
