times,gctimes,bytes,allocs
1.482e-5,0.0,40652.4,575.0
1.5470000000000003e-5,0.0,40654.0,575.0
1.552e-5,0.0,40644.4,575.0
1.603e-5,0.0,40663.6,575.0
1.6420000000000002e-5,0.0,40657.2,575.0
1.637e-5,0.0,40649.2,575.0
1.6250000000000002e-5,0.0,40668.4,575.0
1.706e-5,0.0,40646.0,575.0
1.631e-5,0.0,40655.6,575.0
1.635e-5,0.0,40646.0,575.0
