times,gctimes,bytes,allocs
3.2300000000000005e-8,0.0,0.0,0.0
1.6900000000000002e-8,0.0,0.0,0.0
6.7000000000000004e-9,0.0,0.0,0.0
4.0e-9,0.0,0.0,0.0
3.8e-9,0.0,0.0,0.0
4.0e-9,0.0,0.0,0.0
3.9e-9,0.0,0.0,0.0
3.8e-9,0.0,0.0,0.0
3.7e-9,0.0,0.0,0.0
3.8e-9,0.0,0.0,0.0
