times,gctimes,bytes,allocs
2.05e-6,0.0,1312.0,25.0
7.4e-7,0.0,1312.0,25.0
6.5e-7,0.0,1312.0,25.0
7.100000000000001e-7,0.0,1312.0,25.0
6.4e-7,0.0,1312.0,25.0
1.7e-6,0.0,1312.0,25.0
7.900000000000001e-7,0.0,1312.0,25.0
6.6e-7,0.0,1312.0,25.0
6.900000000000001e-7,0.0,1312.0,25.0
7.100000000000001e-7,0.0,1312.0,25.0
