times,gctimes,bytes,allocs
2.91e-6,0.0,720.0,29.0
6.900000000000001e-7,0.0,720.0,29.0
7.000000000000001e-7,0.0,720.0,29.0
6.1e-7,0.0,720.0,29.0
5.7e-7,0.0,720.0,29.0
5.800000000000001e-7,0.0,720.0,29.0
6.1e-7,0.0,720.0,29.0
6.1e-7,0.0,720.0,29.0
5.6e-7,0.0,720.0,29.0
5.7e-7,0.0,720.0,29.0
