times,gctimes,bytes,allocs
1.4870000000000002e-5,0.0,40654.0,575.0
1.205e-5,0.0,40657.2,575.0
1.2100000000000001e-5,0.0,40646.0,575.0
1.4120000000000002e-5,0.0,40655.6,575.0
1.143e-5,0.0,40647.6,575.0
1.164e-5,0.0,40654.0,575.0
1.1560000000000001e-5,0.0,40655.6,575.0
1.164e-5,0.0,40660.4,575.0
1.1740000000000001e-5,0.0,40652.4,575.0
1.2080000000000001e-5,0.0,40652.4,575.0
