times,gctimes,bytes,allocs
2.68e-6,0.0,1312.0,25.0
7.5e-7,0.0,1312.0,25.0
7.100000000000001e-7,0.0,1312.0,25.0
7.5e-7,0.0,1312.0,25.0
7.4e-7,0.0,1312.0,25.0
7.4e-7,0.0,1312.0,25.0
7.3e-7,0.0,1312.0,25.0
7.200000000000001e-7,0.0,1312.0,25.0
7.100000000000001e-7,0.0,1312.0,25.0
7.100000000000001e-7,0.0,1312.0,25.0
