times,gctimes,bytes,allocs
3.49e-8,0.0,0.0,0.0
1.85e-8,0.0,0.0,0.0
5.6000000000000005e-9,0.0,0.0,0.0
5.5000000000000004e-9,0.0,0.0,0.0
3.8e-9,0.0,0.0,0.0
3.9e-9,0.0,0.0,0.0
3.7e-9,0.0,0.0,0.0
3.9e-9,0.0,0.0,0.0
3.9e-9,0.0,0.0,0.0
4.0e-9,0.0,0.0,0.0
