times,gctimes,bytes,allocs
2.8000000000000003e-6,0.0,752.0,30.0
5.3e-7,0.0,752.0,30.0
5.2e-7,0.0,752.0,30.0
1.2e-6,0.0,752.0,30.0
5.6e-7,0.0,752.0,30.0
5.000000000000001e-7,0.0,752.0,30.0
4.900000000000001e-7,0.0,752.0,30.0
5.000000000000001e-7,0.0,752.0,30.0
5.000000000000001e-7,0.0,752.0,30.0
5.7e-7,0.0,752.0,30.0
