times,gctimes,bytes,allocs
1.4599999999999999e-5,0.0,40644.4,575.0
1.2440000000000001e-5,0.0,40650.8,575.0
1.4580000000000003e-5,0.0,40657.2,575.0
1.227e-5,0.0,40650.8,575.0
1.2240000000000001e-5,0.0,40654.0,575.0
1.189e-5,0.0,40650.8,575.0
1.232e-5,0.0,40668.4,575.0
1.239e-5,0.0,40650.8,575.0
1.1480000000000002e-5,0.0,40662.0,575.0
1.121e-5,0.0,40657.2,575.0
