times,gctimes,bytes,allocs
1.8249999999999999e-6,0.0,1312.0,25.0
8.542e-7,0.0,1312.0,25.0
8.125000000000001e-7,0.0,1312.0,25.0
7.833000000000001e-7,0.0,1312.0,25.0
7.708e-7,0.0,1312.0,25.0
7.833000000000001e-7,0.0,1312.0,25.0
8.208e-7,0.0,1312.0,25.0
8.083000000000001e-7,0.0,1312.0,25.0
8.000000000000002e-7,0.0,1312.0,25.0
7.791000000000001e-7,0.0,1312.0,25.0
