times,gctimes,bytes,allocs
5.0e-6,0.0,1312.0,25.0
1.29e-6,0.0,1312.0,25.0
1.3500000000000002e-6,0.0,1312.0,25.0
1.22e-6,0.0,1312.0,25.0
1.1700000000000002e-6,0.0,1312.0,25.0
1.22e-6,0.0,1312.0,25.0
1.19e-6,0.0,1312.0,25.0
1.19e-6,0.0,1312.0,25.0
1.23e-6,0.0,1312.0,25.0
1.1700000000000002e-6,0.0,1312.0,25.0
