times,gctimes,bytes,allocs
4.93e-6,0.0,6512.0,103.6
4.8e-6,0.0,6536.0,103.9
4.7200000000000005e-6,0.0,6560.0,104.2
4.63e-6,0.0,6584.0,104.5
5.65e-6,0.0,6512.0,103.6
4.74e-6,0.0,6584.0,104.5
4.77e-6,0.0,6584.0,104.5
5.0e-6,0.0,6608.0,104.8
4.8200000000000004e-6,0.0,6608.0,104.8
4.85e-6,0.0,6560.0,104.2
