times,gctimes,bytes,allocs
1.397e-5,0.0,40646.0,575.0
1.2440000000000001e-5,0.0,40663.6,575.0
1.188e-5,0.0,40654.0,575.0
1.172e-5,0.0,40650.8,575.0
1.4810000000000002e-5,0.0,40652.4,575.0
1.226e-5,0.0,40658.8,575.0
1.151e-5,0.0,40657.2,575.0
1.206e-5,0.0,40652.4,575.0
1.236e-5,0.0,40655.6,575.0
1.1350000000000001e-5,0.0,40655.6,575.0
