times,gctimes,bytes,allocs
1.431e-5,0.0,40592.0,575.0
1.202e-5,0.0,40592.0,575.0
1.237e-5,0.0,40592.0,575.0
1.2230000000000001e-5,0.0,40592.0,575.0
1.1530000000000001e-5,0.0,40592.0,575.0
1.1580000000000001e-5,0.0,40592.0,575.0
1.196e-5,0.0,40592.0,575.0
1.1580000000000001e-5,0.0,40592.0,575.0
1.147e-5,0.0,40592.0,575.0
1.2240000000000001e-5,0.0,40592.0,575.0
