times,gctimes,bytes,allocs
2.2625e-6,0.0,1312.0,25.0
7.958000000000001e-7,0.0,1312.0,25.0
8.209e-7,0.0,1312.0,25.0
7.5e-7,0.0,1312.0,25.0
7.375e-7,0.0,1312.0,25.0
7.541e-7,0.0,1312.0,25.0
7.000000000000001e-7,0.0,1312.0,25.0
8.000000000000002e-7,0.0,1312.0,25.0
7.459e-7,0.0,1312.0,25.0
1.8583e-6,0.0,1312.0,25.0
