times,gctimes,bytes,allocs
2.1400000000000003e-6,0.0,720.0,28.0
4.900000000000001e-7,0.0,720.0,28.0
4.800000000000001e-7,0.0,720.0,28.0
4.7e-7,0.0,720.0,28.0
5.5e-7,0.0,720.0,28.0
4.7e-7,0.0,720.0,28.0
4.800000000000001e-7,0.0,720.0,28.0
4.7e-7,0.0,720.0,28.0
4.7e-7,0.0,720.0,28.0
1.1700000000000002e-6,0.0,720.0,28.0
