times,gctimes,bytes,allocs
1.3690000000000003e-5,0.0,40574.0,573.0
1.163e-5,0.0,40564.4,573.0
1.1710000000000001e-5,0.0,40577.2,573.0
1.2560000000000002e-5,0.0,40574.0,573.0
1.133e-5,0.0,40569.2,573.0
1.1150000000000002e-5,0.0,40583.6,573.0
1.126e-5,0.0,40574.0,573.0
1.2070000000000001e-5,0.0,40578.8,573.0
1.1310000000000002e-5,0.0,40570.8,573.0
1.2080000000000001e-5,0.0,40570.8,573.0
