times,gctimes,bytes,allocs
2.1291e-6,0.0,1312.0,25.0
7.834e-7,0.0,1312.0,25.0
1.475e-6,0.0,1312.0,25.0
7.791000000000001e-7,0.0,1312.0,25.0
9.75e-7,0.0,1312.0,25.0
7.625000000000001e-7,0.0,1312.0,25.0
7.5e-7,0.0,1312.0,25.0
7.791000000000001e-7,0.0,1312.0,25.0
7.708e-7,0.0,1312.0,25.0
7.208e-7,0.0,1312.0,25.0
