times,gctimes,bytes,allocs
1.5220000000000002e-5,0.0,40654.0,575.0
1.416e-5,0.0,40646.0,575.0
1.606e-5,0.0,40650.8,575.0
1.451e-5,0.0,40660.4,575.0
1.3880000000000001e-5,0.0,40655.6,575.0
1.3000000000000001e-5,0.0,40654.0,575.0
1.292e-5,0.0,40650.8,575.0
1.3340000000000001e-5,0.0,40650.8,575.0
1.2650000000000001e-5,0.0,40649.2,575.0
1.3020000000000002e-5,0.0,40652.4,575.0
