times,gctimes,bytes,allocs
1.472e-5,0.0,40660.4,575.0
1.1910000000000001e-5,0.0,40650.8,575.0
1.162e-5,0.0,40642.8,575.0
1.2220000000000002e-5,0.0,40663.6,575.0
1.1760000000000001e-5,0.0,40649.2,575.0
1.179e-5,0.0,40655.6,575.0
1.1690000000000002e-5,0.0,40649.2,575.0
1.2550000000000002e-5,0.0,40660.4,575.0
1.2080000000000001e-5,0.0,40649.2,575.0
1.178e-5,0.0,40660.4,575.0
