times,gctimes,bytes,allocs
1.76916e-5,0.0,40512.0,573.0
1.35208e-5,0.0,40512.0,573.0
1.34625e-5,0.0,40512.0,573.0
1.44666e-5,0.0,40512.0,573.0
1.3958300000000002e-5,0.0,40512.0,573.0
1.28708e-5,0.0,40512.0,573.0
1.3095800000000001e-5,0.0,40512.0,573.0
1.2937500000000001e-5,0.0,40512.0,573.0
1.3000000000000001e-5,0.0,40512.0,573.0
1.31041e-5,0.0,40512.0,573.0
