times,gctimes,bytes,allocs
2.03e-6,0.0,1312.0,25.0
7.200000000000001e-7,0.0,1312.0,25.0
7.000000000000001e-7,0.0,1312.0,25.0
7.200000000000001e-7,0.0,1312.0,25.0
7.100000000000001e-7,0.0,1312.0,25.0
6.800000000000001e-7,0.0,1312.0,25.0
7.100000000000001e-7,0.0,1312.0,25.0
7.000000000000001e-7,0.0,1312.0,25.0
6.6e-7,0.0,1312.0,25.0
7.100000000000001e-7,0.0,1312.0,25.0
