times,gctimes,bytes,allocs
5.9074e-6,0.0,720.0,29.0
2.4187000000000002e-6,0.0,720.0,29.0
1.271e-6,0.0,720.0,29.0
1.1373e-6,0.0,720.0,29.0
1.275e-6,0.0,720.0,29.0
1.1782e-6,0.0,720.0,29.0
1.0729e-6,0.0,720.0,29.0
1.2662e-6,0.0,720.0,29.0
1.0777e-6,0.0,720.0,29.0
9.239000000000001e-7,0.0,720.0,29.0
