times,gctimes,bytes,allocs
1.5790000000000003e-5,0.0,40647.6,575.0
1.3980000000000002e-5,0.0,40655.6,575.0
1.2630000000000001e-5,0.0,40652.4,575.0
1.2650000000000001e-5,0.0,40655.6,575.0
1.3230000000000002e-5,0.0,40649.2,575.0
1.266e-5,0.0,40657.2,575.0
1.2120000000000001e-5,0.0,40652.4,575.0
1.3919999999999999e-5,0.0,40647.6,575.0
1.4460000000000002e-5,0.0,40660.4,575.0
1.217e-5,0.0,40647.6,575.0
