times,gctimes,bytes,allocs
3.92e-8,0.0,0.0,0.0
3.29e-8,0.0,0.0,0.0
6.300000000000001e-9,0.0,0.0,0.0
5.7e-9,0.0,0.0,0.0
4.2e-9,0.0,0.0,0.0
4.2e-9,0.0,0.0,0.0
4.2e-9,0.0,0.0,0.0
4.2e-9,0.0,0.0,0.0
4.3000000000000005e-9,0.0,0.0,0.0
4.3000000000000005e-9,0.0,0.0,0.0
