times,gctimes,bytes,allocs
1.006e-5,0.0,13528.0,252.5
8.020000000000001e-6,0.0,13552.0,252.8
9.240000000000001e-6,0.0,13504.0,252.2
8.300000000000002e-6,0.0,13504.0,252.2
8.19e-6,0.0,13528.0,252.5
8.03e-6,0.0,13528.0,252.5
8.850000000000002e-6,0.0,13528.0,252.5
7.97e-6,0.0,13456.0,251.6
1.202e-5,0.0,13528.0,252.5
8.31e-6,0.0,13504.0,252.2
