times,gctimes,bytes,allocs
1.70292e-5,0.0,40512.0,573.0
1.4441700000000001e-5,0.0,40512.0,573.0
1.79292e-5,0.0,40512.0,573.0
1.4325000000000001e-5,0.0,40512.0,573.0
1.4616600000000002e-5,0.0,40512.0,573.0
1.4629200000000002e-5,0.0,40512.0,573.0
1.4679100000000001e-5,0.0,40512.0,573.0
1.3758300000000002e-5,0.0,40512.0,573.0
1.40375e-5,0.0,40512.0,573.0
1.3625e-5,0.0,40512.0,573.0
