times,gctimes,bytes,allocs
4.5500000000000005e-6,0.0,720.0,29.0
1.8200000000000002e-6,0.0,720.0,29.0
1.7800000000000003e-6,0.0,720.0,29.0
4.46e-6,0.0,720.0,29.0
6.0e-7,0.0,720.0,29.0
6.4e-7,0.0,720.0,29.0
5.5e-7,0.0,720.0,29.0
5.4e-7,0.0,720.0,29.0
5.3e-7,0.0,720.0,29.0
5.900000000000001e-7,0.0,720.0,29.0
