times,gctimes,bytes,allocs
1.99625e-5,0.0,40592.0,575.0
1.55875e-5,0.0,40592.0,575.0
1.54417e-5,0.0,40592.0,575.0
1.4579200000000001e-5,0.0,40592.0,575.0
1.4550000000000001e-5,0.0,40592.0,575.0
1.41042e-5,0.0,40592.0,575.0
1.39667e-5,0.0,40592.0,575.0
1.39416e-5,0.0,40592.0,575.0
1.39958e-5,0.0,40592.0,575.0
1.3666599999999999e-5,0.0,40592.0,575.0
