times,gctimes,bytes,allocs
2.7292e-6,0.0,720.0,29.0
5.625e-7,0.0,720.0,29.0
5.125e-7,0.0,720.0,29.0
4.667e-7,0.0,720.0,29.0
5.042e-7,0.0,720.0,29.0
4.959e-7,0.0,720.0,29.0
4.959e-7,0.0,720.0,29.0
4.834000000000001e-7,0.0,720.0,29.0
4.5840000000000003e-7,0.0,720.0,29.0
4.75e-7,0.0,720.0,29.0
