times,gctimes,bytes,allocs
5.27e-6,0.0,1312.0,25.0
1.4900000000000001e-6,0.0,1312.0,25.0
1.45e-6,0.0,1312.0,25.0
1.4400000000000002e-6,0.0,1312.0,25.0
1.41e-6,0.0,1312.0,25.0
1.46e-6,0.0,1312.0,25.0
1.43e-6,0.0,1312.0,25.0
1.3800000000000001e-6,0.0,1312.0,25.0
1.4000000000000001e-6,0.0,1312.0,25.0
1.3800000000000001e-6,0.0,1312.0,25.0
