times,gctimes,bytes,allocs
4.09457e-5,0.0,40512.0,573.0
3.91292e-5,0.0,40512.0,573.0
3.1143100000000003e-5,0.0,40512.0,573.0
3.1128000000000004e-5,0.0,40512.0,573.0
3.09911e-5,0.0,40512.0,573.0
3.10162e-5,0.0,40512.0,573.0
3.14868e-5,0.0,40512.0,573.0
3.11827e-5,0.0,40512.0,573.0
3.1295700000000006e-5,0.0,40512.0,573.0
3.09756e-5,0.0,40512.0,573.0
