times,gctimes,bytes,allocs
4.1437400000000004e-5,0.0,40592.0,575.0
3.9929400000000004e-5,0.0,40592.0,575.0
3.5161100000000005e-5,0.0,40592.0,575.0
3.4954800000000006e-5,0.0,40592.0,575.0
3.78242e-5,0.0,40592.0,575.0
3.63129e-5,0.0,40592.0,575.0
3.4586800000000006e-5,0.0,40592.0,575.0
3.53087e-5,0.0,40592.0,575.0
3.561350000000001e-5,0.0,40592.0,575.0
3.6499600000000005e-5,0.0,40592.0,575.0
