times,gctimes,bytes,allocs
4.3904e-6,0.0,1312.0,25.0
2.6485e-6,0.0,1312.0,25.0
1.5637e-6,0.0,1312.0,25.0
1.5362e-6,0.0,1312.0,25.0
1.4344e-6,0.0,1312.0,25.0
1.5329000000000002e-6,0.0,1312.0,25.0
1.3860000000000002e-6,0.0,1312.0,25.0
1.4647000000000001e-6,0.0,1312.0,25.0
1.3891000000000002e-6,0.0,1312.0,25.0
1.4328e-6,0.0,1312.0,25.0
