times,gctimes,bytes,allocs
2.56e-6,0.0,752.0,30.0
5.6e-7,0.0,752.0,30.0
5.4e-7,0.0,752.0,30.0
5.6e-7,0.0,752.0,30.0
5.1e-7,0.0,752.0,30.0
1.22e-6,0.0,752.0,30.0
5.7e-7,0.0,752.0,30.0
5.000000000000001e-7,0.0,752.0,30.0
5.1e-7,0.0,752.0,30.0
5.000000000000001e-7,0.0,752.0,30.0
