times,gctimes,bytes,allocs
5.28e-6,0.0,6584.0,104.5
5.02e-6,0.0,6632.0,105.1
5.09e-6,0.0,6584.0,104.5
5.510000000000001e-6,0.0,6584.0,104.5
4.78e-6,0.0,6584.0,104.5
4.7300000000000005e-6,0.0,6560.0,104.2
4.77e-6,0.0,6536.0,103.9
4.8200000000000004e-6,0.0,6560.0,104.2
4.69e-6,0.0,6584.0,104.5
4.6400000000000005e-6,0.0,6536.0,103.9
