times,gctimes,bytes,allocs
6.278e-5,0.0,40512.0,573.0
5.1750000000000004e-5,0.0,40512.0,573.0
5.202000000000001e-5,0.0,40512.0,573.0
4.468e-5,0.0,40512.0,573.0
1.305e-5,0.0,40512.0,573.0
2.4930000000000004e-5,0.0,40512.0,573.0
4.7720000000000004e-5,0.0,40512.0,573.0
1.314e-5,0.0,40512.0,573.0
1.328e-5,0.0,40512.0,573.0
1.3530000000000001e-5,0.0,40512.0,573.0
