times,gctimes,bytes,allocs
2.381e-5,0.0,58400.0,1111.0
2.088e-5,0.0,58400.0,1111.0
4.655000000000001e-5,0.0,58400.0,1111.0
6.938e-5,0.0,58400.0,1111.0
6.404e-5,0.0,58400.0,1111.0
6.043e-5,0.0,58400.0,1111.0
5.893000000000001e-5,0.0,58400.0,1111.0
5.372000000000001e-5,0.0,58400.0,1111.0
5.2550000000000003e-5,0.0,58400.0,1111.0
5.277e-5,0.0,58400.0,1111.0
