times,gctimes,bytes,allocs
2.3510000000000004e-5,0.0,58457.2,1111.0
2.108e-5,0.0,58471.6,1111.0
2.089e-5,0.0,58462.0,1111.0
2.075e-5,0.0,58465.2,1111.0
2.031e-5,0.0,58450.8,1111.0
2.2150000000000003e-5,0.0,58471.6,1111.0
2.1280000000000003e-5,0.0,58463.6,1111.0
2.098e-5,0.0,58463.6,1111.0
2.279e-5,0.0,58466.8,1111.0
2.153e-5,0.0,58465.2,1111.0
