times,gctimes,bytes,allocs
2.86e-5,0.0,58400.0,1111.0
2.5300000000000002e-5,0.0,58400.0,1111.0
2.62542e-5,0.0,58400.0,1111.0
3.78625e-5,0.0,58400.0,1111.0
2.8812500000000002e-5,0.0,58400.0,1111.0
2.7854200000000002e-5,0.0,58400.0,1111.0
2.6479200000000002e-5,0.0,58400.0,1111.0
2.5775e-5,0.0,58400.0,1111.0
2.63e-5,0.0,58400.0,1111.0
2.8566700000000002e-5,0.0,58400.0,1111.0
