times,gctimes,bytes,allocs
1.593e-5,0.0,40592.0,575.0
1.3000000000000001e-5,0.0,40592.0,575.0
1.25e-5,0.0,40592.0,575.0
1.2040000000000002e-5,0.0,40592.0,575.0
1.216e-5,0.0,40592.0,575.0
1.2750000000000002e-5,0.0,40592.0,575.0
1.1940000000000001e-5,0.0,40592.0,575.0
1.168e-5,0.0,40592.0,575.0
1.3470000000000001e-5,0.0,40592.0,575.0
1.326e-5,0.0,40592.0,575.0
