times,gctimes,bytes,allocs
3.3100000000000005e-6,0.0,720.0,29.0
8.100000000000001e-7,0.0,720.0,29.0
7.7e-7,0.0,720.0,29.0
8.3e-7,0.0,720.0,29.0
7.6e-7,0.0,720.0,29.0
7.5e-7,0.0,720.0,29.0
7.900000000000001e-7,0.0,720.0,29.0
7.6e-7,0.0,720.0,29.0
7.799999999999999e-7,0.0,720.0,29.0
7.6e-7,0.0,720.0,29.0
