times,gctimes,bytes,allocs
6.15e-6,0.0,6584.0,104.5
4.97e-6,0.0,6512.0,103.6
5.0800000000000005e-6,0.0,6584.0,104.5
5.0800000000000005e-6,0.0,6512.0,103.6
5.09e-6,0.0,6608.0,104.8
4.960000000000001e-6,0.0,6512.0,103.6
4.93e-6,0.0,6584.0,104.5
5.3500000000000004e-6,0.0,6512.0,103.6
4.85e-6,0.0,6584.0,104.5
4.86e-6,0.0,6560.0,104.2
