times,gctimes,bytes,allocs
3.618e-5,0.0,624.0,13.0
3.5430000000000005e-5,0.0,624.0,13.0
3.542e-5,0.0,624.0,13.0
3.5380000000000003e-5,0.0,624.0,13.0
3.898e-5,0.0,624.0,13.0
3.528e-5,0.0,624.0,13.0
3.5640000000000004e-5,0.0,624.0,13.0
3.5430000000000005e-5,0.0,624.0,13.0
3.524e-5,0.0,624.0,13.0
3.86e-5,0.0,624.0,13.0
