times,gctimes,bytes,allocs
1.8540000000000002e-5,0.0,40592.0,575.0
1.2340000000000002e-5,0.0,40592.0,575.0
1.327e-5,0.0,40592.0,575.0
1.2980000000000001e-5,0.0,40592.0,575.0
1.2689999999999999e-5,0.0,40592.0,575.0
1.407e-5,0.0,40592.0,575.0
1.2090000000000001e-5,0.0,40592.0,575.0
1.3980000000000002e-5,0.0,40592.0,575.0
1.3320000000000001e-5,0.0,40592.0,575.0
1.2550000000000002e-5,0.0,40592.0,575.0
