times,gctimes,bytes,allocs
2.453e-5,0.0,58460.4,1111.0
2.03e-5,0.0,58463.6,1111.0
2.1700000000000002e-5,0.0,58457.2,1111.0
2.091e-5,0.0,58466.8,1111.0
2.052e-5,0.0,58468.4,1111.0
2.725e-5,0.0,58460.4,1111.0
2.093e-5,0.0,58462.0,1111.0
4.317e-5,0.0,58462.0,1111.0
2.2040000000000002e-5,0.0,58465.2,1111.0
2.264e-5,0.0,58463.6,1111.0
