times,gctimes,bytes,allocs
2.4500000000000003e-6,0.0,752.0,30.0
5.4e-7,0.0,752.0,30.0
5.1e-7,0.0,752.0,30.0
5.6e-7,0.0,752.0,30.0
5.000000000000001e-7,0.0,752.0,30.0
5.4e-7,0.0,752.0,30.0
5.1e-7,0.0,752.0,30.0
5.000000000000001e-7,0.0,752.0,30.0
5.3e-7,0.0,752.0,30.0
5.1e-7,0.0,752.0,30.0
