times,gctimes,bytes,allocs
4.6208e-6,0.0,624.0,13.0
4.6458000000000005e-6,0.0,624.0,13.0
4.5584e-6,0.0,624.0,13.0
4.545800000000001e-6,0.0,624.0,13.0
4.5334000000000005e-6,0.0,624.0,13.0
4.8958e-6,0.0,624.0,13.0
4.5375e-6,0.0,624.0,13.0
4.4459e-6,0.0,624.0,13.0
4.4292e-6,0.0,624.0,13.0
4.5416e-6,0.0,624.0,13.0
