times,gctimes,bytes,allocs
1.5250000000000001e-5,0.0,40592.0,575.0
1.261e-5,0.0,40592.0,575.0
1.219e-5,0.0,40592.0,575.0
1.314e-5,0.0,40592.0,575.0
1.205e-5,0.0,40592.0,575.0
1.218e-5,0.0,40592.0,575.0
1.1760000000000001e-5,0.0,40592.0,575.0
1.2640000000000001e-5,0.0,40592.0,575.0
1.183e-5,0.0,40592.0,575.0
1.202e-5,0.0,40592.0,575.0
